id,semana,sesion,titulo,objetivo,rol_ia,evidencia,dua,duracion_min
TIA-W01-S1,1,1,Fronteras que cambian la respuesta,"Delimitar sistema, entorno, frontera y tipo de intercambio.",Pedir a la IA dos delimitaciones alternativas del mismo escenario; identificar cuál responde mejor a una pregunta dada.,Diagrama de sistema + tabla de qué cruza la frontera.,Representación visual y textual; opción de explicación oral transcrita.,120
TIA-W01-S2,1,2,Estado no es trayectoria,Distinguir propiedades de estado y variables de proceso.,"Dar a la IA una lista mezclada (U,H,S,G,q,w,T,P,V) y exigir justificación; localizar al menos un punto discutible o error.",Mapa conceptual corregido y justificado.,Tarjetas físicas/digitales; ordenamiento manipulable; texto alternativo.,120
TIA-W01-S3,1,3,¿Qué significa equilibrio en biología?,Distinguir equilibrio termodinámico de estado estacionario y actividad biológica.,Solicitar a IA que explique por qué una célula viva 'está en equilibrio'; hacer red-team y corregir el lenguaje.,Párrafo de 180 palabras o audio 2 min con transcripción.,Elección de modalidad; contexto biológico auténtico.,120
TIA-W02-S1,2,1,Temperatura no es calor,"Separar temperatura, calor y energía interna.",Pedir una analogía a la IA y evaluar exactamente dónde deja de ser válida.,Analogía anotada con 'sirve para/no sirve para'.,"Analogía, diagrama o ecuación; vocabulario explícito.",120
TIA-W02-S2,2,2,P–V–T como modelo,Usar una ecuación de estado y reconocer sus supuestos.,"IA propone tres aplicaciones biológicas del gas ideal; clasificar válidas, aproximadas o engañosas.",Tabla de supuestos y dominio de validez.,"Tabla, mapa o narración; andamiaje de símbolos.",120
TIA-W02-S3,2,3,Explorar sin adivinar,Interpretar gráficas P–V y T–V con un notebook sencillo.,"IA predice una curva sin ejecutar código; el grupo compara predicción, simulación y derivación.",Captura/gráfica accesible + explicación de dos tendencias.,Código opcional; se ofrece gráfica impresa equivalente.,120
TIA-W03-S1,3,1,Convenciones de signo bajo presión,Aplicar una convención consistente para q y w.,Pedir a la IA resolver sin especificar convención; auditar ambigüedad y corregirla.,Solución duplicada con dos convenciones.,"Ecuación, diagrama de flechas y explicación verbal.",120
TIA-W03-S2,3,2,Primera ley como contabilidad,Construir balances de energía en procesos sencillos.,IA recibe una solución deliberadamente incompleta y debe criticarla; estudiantes critican la crítica.,Balance completo + lista de supuestos.,Problemas con contextos alternativos; roles de equipo.,120
TIA-W03-S3,3,3,Células: energía no es 'combustible',Aplicar contabilidad energética sin antropomorfismos.,IA debe explicar 'ATP libera energía porque rompe un enlace de alta energía'; detectar y reparar el error.,Ficha mito→corrección→evidencia.,Texto o infografía accesible con descripción.,120
TIA-W04-S1,4,1,Entalpía y condiciones de laboratorio,Relacionar H con calor a presión constante bajo supuestos apropiados.,Pedir a IA comparar ΔU y ΔH en tres escenarios; verificar por unidades y condiciones.,Cuadro comparativo con decisión razonada.,Ecuación + caso concreto; glosario de símbolos.,120
TIA-W04-S2,4,2,P01 — Calorimetría de mezclas,Aplicar conservación de energía a un sistema experimental sencillo.,"Después de medir, IA propone tres causas de discrepancia; el equipo clasifica cuáles son físicamente compatibles con el signo del error.",Informe corto de práctica.,"Roles de manipulación, registro, cálculo y explicación; datos compartidos si alguien no puede manipular.",120
TIA-W04-S3,4,3,Auditar un informe experimental,"Distinguir dato, inferencia, supuesto y explicación.",Usar IA para reescribir el informe 'más convincente'; señalar dónde aumenta retórica sin evidencia.,Versión corregida con anotaciones.,"Texto, audio transcrito o anotación por capas.",120
TIA-W05-S1,5,1,La flecha de los procesos,Usar segunda ley para explicar dirección espontánea.,IA intenta justificar la dirección solo con primera ley; estudiantes identifican qué falta.,Diagrama antes/después + criterio entrópico.,"Secuencia visual y narración; conceptos resaltados por etiquetas, no solo color.",120
TIA-W05-S2,5,2,Entropía sin el cliché de desorden,Interpretar entropía mediante multiplicidad/energía dispersa a nivel introductorio sin curso estadístico.,"Pedir cinco analogías a IA; seleccionar una útil, una peligrosa y una incorrecta.",Matriz analogía-límite.,Elección de analogías; expresión escrita/oral.,120
TIA-W05-S3,5,3,Mitos termodinámicos generados por IA,Aplicar segunda ley a afirmaciones plausibles.,"Red-team estructurado: afirmación, supuesto, prueba, veredicto.",Auditoría de 3 afirmaciones.,Trabajo individual o equipo; banco offline equivalente.,120
TIA-W06-S1,6,1,Calcular ΔS por una ruta conveniente,Usar función de estado y una ruta reversible imaginaria para calcular cambios de entropía.,IA debe proponer una ruta; el estudiante verifica que conecte los estados correctos.,Derivación con diagrama de ruta.,Diagrama + álgebra; guía paso a paso opcional.,120
TIA-W06-S2,6,2,Reversible no significa 'puede ir hacia atrás' sin más,Distinguir reversibilidad ideal de reversibilidad cotidiana.,Pedir a IA ejemplos de procesos reversibles reales; auditar lenguaje y aproximaciones.,Lista comentada de ejemplos y contraejemplos.,Ejemplos físicos/biológicos; discusión o respuesta individual.,120
TIA-W06-S3,6,3,Entropía total como árbitro,Analizar sistema+entorno.,IA recibe solo ΔS_sistema y debe decidir espontaneidad; el estudiante corrige la insuficiencia.,Ticket de salida con criterio general.,Ecuación y esquema de dos columnas sistema/entorno.,120
TIA-W07-S1,7,1,Qué potencial usar,Seleccionar A o G según restricciones.,IA recibe cuatro escenarios y elige potencial; estudiantes exigen justificación de restricciones.,Árbol de decisión.,Árbol visual + versión textual lineal.,120
TIA-W07-S2,7,2,ΔG: espontaneidad no es velocidad,Usar signo de ΔG sin inferir cinética.,Pedir a IA predecir 'qué reacción ocurre más rápido' usando solo ΔG; desmontar el razonamiento.,Tabla termodinámica vs cinética.,Tabla o audio estructurado; contraste explícito.,120
TIA-W07-S3,7,3,Acoplamiento biológico,Sumar cambios de energía libre de procesos acoplados.,IA propone un acoplamiento y el grupo revisa estequiometría y signo de ΔG total.,Cálculo + explicación molecular prudente.,Dos contextos para elección; representación por reacciones y diagrama de energía.,120
TIA-W08-S1,8,1,Potencial químico como lenguaje de transferencia,Interpretar igualdad/diferencia de μ.,IA ofrece una definición de μ para biólogos; estudiantes eliminan metáforas que implican fuerzas mecánicas literales.,"Definición propia de 3 niveles: intuitiva, operacional y matemática.",Tres niveles de representación.,120
TIA-W08-S2,8,2,Mezclar cambia la energía libre,"Relacionar composición, μ y tendencia a mezclar en modelo ideal.",IA debe predecir efecto de dilución sobre μ; validar con ecuación logarítmica.,Gráfica/tabla y explicación.,Notebook opcional; tabla calculable a mano.,120
TIA-W08-S3,8,3,"P02 — Hielo, sal y equilibrio",Observar cómo composición altera equilibrio sólido-líquido.,IA explica por qué la sal 'derrite' hielo; equipo distingue efecto de equilibrio de una afirmación cinética.,Informe corto + diagrama de potencial químico cualitativo.,Roles flexibles; procedimiento de bajo costo; alternativa con datos provistos.,120
TIA-W09-S1,9,1,Equilibrio de fase = igualdad de potencial químico,Usar μ para racionalizar coexistencia.,IA genera una explicación sin ecuaciones; estudiantes deben añadir la condición matemática mínima.,Explicación dual: gráfica + condición de equilibrio.,Descripción textual de la gráfica obligatoria.,120
TIA-W09-S2,9,2,Osmosis sin memorizar una fórmula,Derivar dirección de flujo desde potencial químico del solvente.,IA recibe términos 'hipotónico/hipertónico' y debe explicar; estudiantes traducen a μ y presión.,Diagrama de membrana + argumento termodinámico.,Terminología biológica y física enlazada.,120
TIA-W09-S3,9,3,P03 — Montaje de osmosis,Preparar gradiente de concentraciones y una predicción antes de medir.,IA predice la curva cambio de masa vs concentración; se guarda predicción sin ajustarla a datos posteriores.,Registro inicial + predicción fechada.,Manipulación opcional por roles; datos compartidos como alternativa.,120
TIA-W10-S1,10,1,De ΔG° a ΔG,Usar ΔG=ΔG°+RT ln Q.,IA resuelve un problema con Q y K; estudiante comprueba dirección por comparación Q vs K y por ΔG.,Solución por dos rutas equivalentes.,Ruta algebraica o gráfica; símbolos definidos.,120
TIA-W10-S2,10,2,Estado estándar bioquímico,Reconocer por qué el contexto bioquímico modifica convenciones estándar.,IA confunde ΔG° con ΔG celular; estudiantes identifican qué concentraciones/condiciones faltan.,Nota de corrección de 150–250 palabras.,Texto/audio transcrito; ejemplo biológico.,120
TIA-W10-S3,10,3,P03 — Lectura y análisis,Interpretar cambio de masa de tejido como consecuencia de diferencia de potencial químico.,Comparar predicción de IA de semana 9 con datos; prohibido regenerar una predicción post hoc.,Informe de práctica con sección 'predicción vs observación'.,Gráfica con tabla alternativa y descripción textual.,120
TIA-W11-S1,11,1,Unión de ligando como equilibrio,Conectar Kd/Ka y energía libre sin reducir el fenómeno a 'afinidad alta=energía alta'.,IA explica efecto de Kd en palabras; verificar con valores límite L<<Kd y L>>Kd.,Curva de unión + interpretación de límites.,Notebook o cálculo manual; gráfica descrita.,120
TIA-W11-S2,11,2,Equilibrios conformacionales,Usar poblaciones relativas y ΔG entre estados.,IA atribuye causalidad estructural a partir de ΔG; grupo separa lo que termodinámica sí/no determina.,Mapa 'predice/no predice'.,Diagrama de estados + texto.,120
TIA-W11-S3,11,3,Notebook biomolecular,Explorar sensibilidad de ocupación a Kd y concentración.,IA propone una interpretación mecanística; estudiantes limitan la conclusión a lo sustentado por el modelo.,Notebook anotado o reporte equivalente.,Ruta computacional y ruta con tablas precomputadas.,120
TIA-W12-S1,12,1,Caso integrador,"Integrar sistema, primera/segunda ley, G, μ y equilibrio.",IA recibe el caso completo solo después del modelo inicial y actúa como crítico.,Mapa de razonamiento integrador.,Elección de caso y formato.,120
TIA-W12-S2,12,2,Red-team final de IA,Demostrar alfabetización termodinámica y de IA.,La IA puede defender su propia solución; el equipo debe responder con ecuaciones/leyes/evidencia.,Informe de auditoría de una página.,Banco offline; roles diversos.,120
TIA-W12-S3,12,3,Defensa y transferencia,Defender decisiones y transferir conceptos a un nuevo escenario.,IA solo puede usarse antes de la defensa para practicar; no durante la defensa.,Defensa 3–5 min + reflexión final.,Modalidad de apoyo accesible; preguntas entregadas también por escrito cuando sea necesario.,120
